{"Camera1": {"CameraIntrinsic": [1208.69, 0.0, 960.0, 0.0, 1190.87, 540.0, 0.0, 0.0, 1.0], "CameraMatrix": [0.6813013524425184, -0.11559201955245346, -0.7228187547205598, 5.40267, 0.22003069135657033, -0.9094489441332845, 0.35283014734572204, -1.12027, -0.6981511025710303, -0.39942596689579346, -0.5941750036379985, 1.94629, 0.0, 0.0, 0.0, 1.0], "CameraNumber": 1, "DistCoeff": [-0.0312442, 0.0522665, 0.00755997, 0.0189909, 0.0], "FrameHeight": "1920", "FrameWidth": "1080", "fps": 60}, "Camera2": {"CameraIntrinsic": [1202.56, 0.0, 960.0, 0.0, 1205.06, 540.0, 0.0, 0.0, 1.0], "CameraMatrix": [0.9352314409886349, -0.06009282957442136, -0.3488997042418653, -0.266201, 0.03587393760364371, -0.9643321984356898, 0.262252686661165, -0.0956265, -0.3522147248300835, -0.25778336426916476, -0.8997180251161692, -0.433684, 0.0, 0.0, 0.0, 1.0], "CameraNumber": 2, "DistCoeff": [-0.121425, 0.131651, 0.00437862, -0.00176715, 0.0], "FrameHeight": "1920", "FrameWidth": "1080", "fps": 60}, "Camera3": {"CameraIntrinsic": [1205.07, 0.0, 960.0, 0.0, 1216.64, 540.0, 0.0, 0.0, 1.0], "CameraMatrix": [0.9998064282042153, 0.0009513952751400823, -0.01965199655403093, -4.64842, 0.0008157720720377745, -0.9999758059939347, -0.006908107027748286, -1.17048, -0.01965809343389347, 0.006890738263116891, -0.9997830150031223, 0.339642, 0.0, 0.0, 0.0, 1.0], "CameraNumber": 3, "DistCoeff": [-0.107364, 0.107442, 0.00325643, -0.00338119, 0.0], "FrameHeight": "1920", "FrameWidth": "1080", "fps": 60}, "Camera4": {"CameraIntrinsic": [1200.62, 0.0, 960.0, 0.0, 1221.45, 540.0, 0.0, 0.0, 1.0], "CameraMatrix": [0.9612301305839953, -0.06704400866984991, 0.26747287144484805, -8.98549, -0.054508317251404516, -0.9970505186771034, -0.054028756751745746, -1.59799, 0.2703062696422252, 0.03735457277491157, -0.9620494563612144, 2.49361, 0.0, 0.0, 0.0, 1.0], "CameraNumber": 4, "DistCoeff": [-0.0947745, 0.082879, 0.00172872, -0.00573629, 0.0], "FrameHeight": "1920", "FrameWidth": "1080", "fps": 60}}